id,titre,source_url,langue,grade_level,matiere,type_doc,file_path,checksum,licence,ingested,validated,notes,cycle,niveau,source,path
doc_0001,Guide de leducateur   Alphabetisation fonctionnelle,https://edu-nc.gouv.cd/programmes-scolaires,français,,,guide,guides_pedagogiques\Guide-de-leducateur-_-Alphabetisation-fonctionnelle.pdf,,MEPSP,2025-08-28,True,Synchronisé avec manifest,,,,guides_pedagogiques\Guide-de-leducateur-_-Alphabetisation-fonctionnelle.pdf
doc_0002,Guide de leducateur   Alphabetisation initiale,https://edu-nc.gouv.cd/programmes-scolaires,français,,,guide,guides_pedagogiques\Guide-de-leducateur-_-Alphabetisation-initiale.pdf,,MEPSP,2025-08-28,True,Synchronisé avec manifest,,,,guides_pedagogiques\Guide-de-leducateur-_-Alphabetisation-initiale.pdf
doc_0003,Guide de leducateur   Francais CRS N2,https://edu-nc.gouv.cd/programmes-scolaires,français,CRS,,guide,guides_pedagogiques\Guide-de-leducateur-_-Francais-CRS-N2.pdf,,MEPSP,2025-08-28,True,Synchronisé avec manifest,,,,guides_pedagogiques\Guide-de-leducateur-_-Francais-CRS-N2.pdf
doc_0004,Guide de leducateur   Francais oral CRS N1,https://edu-nc.gouv.cd/programmes-scolaires,français,CRS,,guide,guides_pedagogiques\Guide-de-leducateur-_-Francais-oral-CRS-N1.pdf,,MEPSP,2025-08-28,True,Synchronisé avec manifest,,,,guides_pedagogiques\Guide-de-leducateur-_-Francais-oral-CRS-N1.pdf
doc_0005,GUIDE PE8 MATHs 116062019 DIPROMAD MEPSP,https://edu-nc.gouv.cd/programmes-scolaires,français,secondaire,,guide,secondaire\8eme_EB\maths\GUIDE-PE8-MATHs-116062019_DIPROMAD_MEPSP.pdf,,MEPSP,2025-08-28,True,Synchronisé avec manifest,,,,secondaire\8eme_EB\maths\GUIDE-PE8-MATHs-116062019_DIPROMAD_MEPSP.pdf
doc_0006,PE8 MATH 16062019 DIPROMAD MEPSP,https://edu-nc.gouv.cd/programmes-scolaires,français,secondaire,,guide,secondaire\8eme_EB\maths\PE8-MATH-16062019_DIPROMAD_MEPSP.pdf,,MEPSP,2025-08-28,True,Synchronisé avec manifest,,,,secondaire\8eme_EB\maths\PE8-MATH-16062019_DIPROMAD_MEPSP.pdf
doc_0007,GUIDE PE8 SPTTIC 16062019 DIPROMAD MEPSP,https://edu-nc.gouv.cd/programmes-scolaires,français,secondaire,,guide,secondaire\8eme_EB\spttic\GUIDE-PE8-SPTTIC-16062019_DIPROMAD_MEPSP.pdf,,MEPSP,2025-08-28,True,Synchronisé avec manifest,,,,secondaire\8eme_EB\spttic\GUIDE-PE8-SPTTIC-16062019_DIPROMAD_MEPSP.pdf
doc_0008,PE8 SPTTIC 16062019 DIPROMAD MEPSP,https://edu-nc.gouv.cd/programmes-scolaires,français,secondaire,,guide,secondaire\8eme_EB\spttic\PE8-SPTTIC-16062019_DIPROMAD_MEPSP.pdf,,MEPSP,2025-08-28,True,Synchronisé avec manifest,,,,secondaire\8eme_EB\spttic\PE8-SPTTIC-16062019_DIPROMAD_MEPSP.pdf
doc_0009,GUIDE PE8 SVT 16062019 DIPROMAD MEPSP,https://edu-nc.gouv.cd/programmes-scolaires,français,secondaire,,guide,secondaire\8eme_EB\svt\GUIDE-PE8-SVT-16062019_DIPROMAD_MEPSP.pdf,,MEPSP,2025-08-28,True,Synchronisé avec manifest,,,,secondaire\8eme_EB\svt\GUIDE-PE8-SVT-16062019_DIPROMAD_MEPSP.pdf
doc_0010,PE8 SVT 16062019 DIPROMAD MEPSP,https://edu-nc.gouv.cd/programmes-scolaires,français,secondaire,,guide,secondaire\8eme_EB\svt\PE8-SVT-16062019_DIPROMAD_MEPSP.pdf,,MEPSP,2025-08-28,True,Synchronisé avec manifest,,,,secondaire\8eme_EB\svt\PE8-SVT-16062019_DIPROMAD_MEPSP.pdf
doc_0011,GUIDE PE7 MATH COMPLET,https://edu-nc.gouv.cd/programmes-scolaires,français,secondaire,,guide,secondaire\7eme_EB\maths\GUIDE-PE7-MATH_COMPLET.pdf,,MEPSP,2025-08-28,True,Synchronisé avec manifest,,,,secondaire\7eme_EB\maths\GUIDE-PE7-MATH_COMPLET.pdf
doc_0012,PE7 MATH,https://edu-nc.gouv.cd/programmes-scolaires,français,secondaire,,guide,secondaire\7eme_EB\maths\PE7-MATH.pdf,,MEPSP,2025-08-28,True,Synchronisé avec manifest,,,,secondaire\7eme_EB\maths\PE7-MATH.pdf
doc_0013,GUIDE PE7 SPTTIC,https://edu-nc.gouv.cd/programmes-scolaires,français,secondaire,,guide,secondaire\7eme_EB\spttic\GUIDE-PE7-SPTTIC.pdf,,MEPSP,2025-08-28,True,Synchronisé avec manifest,,,,secondaire\7eme_EB\spttic\GUIDE-PE7-SPTTIC.pdf
doc_0014,PE7 SPTTIC,https://edu-nc.gouv.cd/programmes-scolaires,français,secondaire,,guide,secondaire\7eme_EB\spttic\PE7-SPTTIC.pdf,,MEPSP,2025-08-28,True,Synchronisé avec manifest,,,,secondaire\7eme_EB\spttic\PE7-SPTTIC.pdf
doc_0015,GUIDE PE7 SVT,https://edu-nc.gouv.cd/programmes-scolaires,français,secondaire,,guide,secondaire\7eme_EB\svt\GUIDE-PE7-SVT.pdf,,MEPSP,2025-08-28,True,Synchronisé avec manifest,,,,secondaire\7eme_EB\svt\GUIDE-PE7-SVT.pdf
doc_0016,PE7 SVT,https://edu-nc.gouv.cd/programmes-scolaires,français,secondaire,,guide,secondaire\7eme_EB\svt\PE7-SVT.pdf,,MEPSP,2025-08-28,True,Synchronisé avec manifest,,,,secondaire\7eme_EB\svt\PE7-SVT.pdf
doc_0017,MEPST GUIDE PE6 MATH,https://edu-nc.gouv.cd/programmes-scolaires,français,secondaire,,guide,secondaire\4eme_HS\maths\MEPST_GUIDE_PE6_MATH.pdf,,MEPSP,2025-08-28,True,Synchronisé avec manifest,,,,secondaire\4eme_HS\maths\MEPST_GUIDE_PE6_MATH.pdf
doc_0018,MEPST Programmes Educatifs 6e Sec 4 HS MATH,https://edu-nc.gouv.cd/programmes-scolaires,français,secondaire,,guide,secondaire\4eme_HS\maths\MEPST_Programmes-Educatifs_6e-Sec_4-HS_MATH.pdf,,MEPSP,2025-08-28,True,Synchronisé avec manifest,,,,secondaire\4eme_HS\maths\MEPST_Programmes-Educatifs_6e-Sec_4-HS_MATH.pdf
doc_0019,MEPST GUIDE PE6 SPTIC,https://edu-nc.gouv.cd/programmes-scolaires,français,secondaire,,guide,secondaire\4eme_HS\spttic\MEPST_GUIDE_PE6_SPTIC.pdf,,MEPSP,2025-08-28,True,Synchronisé avec manifest,,,,secondaire\4eme_HS\spttic\MEPST_GUIDE_PE6_SPTIC.pdf
doc_0020,MEPST Programmes Educatifs 6e Sec 4 HS SPTIC,https://edu-nc.gouv.cd/programmes-scolaires,français,secondaire,,guide,secondaire\4eme_HS\spttic\MEPST_Programmes-Educatifs_6e-Sec_4-HS_SPTIC.pdf,,MEPSP,2025-08-28,True,Synchronisé avec manifest,,,,secondaire\4eme_HS\spttic\MEPST_Programmes-Educatifs_6e-Sec_4-HS_SPTIC.pdf
doc_0021,MEPST GUIDE PE6 SVT,https://edu-nc.gouv.cd/programmes-scolaires,français,secondaire,,guide,secondaire\4eme_HS\svt\MEPST_GUIDE_PE6_SVT.pdf,,MEPSP,2025-08-28,True,Synchronisé avec manifest,,,,secondaire\4eme_HS\svt\MEPST_GUIDE_PE6_SVT.pdf
doc_0022,MEPST Programmes Educatifs 6e Sec 4 HS SVT,https://edu-nc.gouv.cd/programmes-scolaires,français,secondaire,,guide,secondaire\4eme_HS\svt\MEPST_Programmes-Educatifs_6e-Sec_4-HS_SVT.pdf,,MEPSP,2025-08-28,True,Synchronisé avec manifest,,,,secondaire\4eme_HS\svt\MEPST_Programmes-Educatifs_6e-Sec_4-HS_SVT.pdf
doc_0023,MEPST GUIDE PE5 MATH,https://edu-nc.gouv.cd/programmes-scolaires,français,secondaire,,guide,secondaire\3eme_HS\maths\MEPST_GUIDE_PE5_MATH.pdf,,MEPSP,2025-08-28,True,Synchronisé avec manifest,,,,secondaire\3eme_HS\maths\MEPST_GUIDE_PE5_MATH.pdf
doc_0024,MEPST Programmes Educatifs 5e Sec 3 HS MATH,https://edu-nc.gouv.cd/programmes-scolaires,français,secondaire,,guide,secondaire\3eme_HS\maths\MEPST_Programmes-Educatifs_5e-Sec_3-HS_MATH.pdf,,MEPSP,2025-08-28,True,Synchronisé avec manifest,,,,secondaire\3eme_HS\maths\MEPST_Programmes-Educatifs_5e-Sec_3-HS_MATH.pdf
doc_0025,MEPST GUIDE PE5 SPTIC,https://edu-nc.gouv.cd/programmes-scolaires,français,secondaire,,guide,secondaire\3eme_HS\spttic\MEPST_GUIDE_PE5_SPTIC.pdf,,MEPSP,2025-08-28,True,Synchronisé avec manifest,,,,secondaire\3eme_HS\spttic\MEPST_GUIDE_PE5_SPTIC.pdf
doc_0026,MEPST Programmes Educatifs 5e Sec 3 HS SPTIC,https://edu-nc.gouv.cd/programmes-scolaires,français,secondaire,,guide,secondaire\3eme_HS\spttic\MEPST_Programmes-Educatifs_5e-Sec_3-HS_SPTIC.pdf,,MEPSP,2025-08-28,True,Synchronisé avec manifest,,,,secondaire\3eme_HS\spttic\MEPST_Programmes-Educatifs_5e-Sec_3-HS_SPTIC.pdf
doc_0027,MEPST GUIDE PE5 SVT,https://edu-nc.gouv.cd/programmes-scolaires,français,secondaire,,guide,secondaire\3eme_HS\svt\MEPST_GUIDE_PE5_SVT.pdf,,MEPSP,2025-08-28,True,Synchronisé avec manifest,,,,secondaire\3eme_HS\svt\MEPST_GUIDE_PE5_SVT.pdf
doc_0028,MEPST Programmes Educatifs 5e Sec 3 HS SVT,https://edu-nc.gouv.cd/programmes-scolaires,français,secondaire,,guide,secondaire\3eme_HS\svt\MEPST_Programmes-Educatifs_5e-Sec_3-HS_SVT.pdf,,MEPSP,2025-08-28,True,Synchronisé avec manifest,,,,secondaire\3eme_HS\svt\MEPST_Programmes-Educatifs_5e-Sec_3-HS_SVT.pdf
doc_0029,MEPST GUIDE PE4 MATH,https://edu-nc.gouv.cd/programmes-scolaires,français,secondaire,,guide,secondaire\2eme_HS\maths\MEPST_GUIDE_PE4_MATH.pdf,,MEPSP,2025-08-28,True,Synchronisé avec manifest,,,,secondaire\2eme_HS\maths\MEPST_GUIDE_PE4_MATH.pdf
doc_0030,MEPST Programmes Educatifs 4e Sec 2 HS MATH,https://edu-nc.gouv.cd/programmes-scolaires,français,secondaire,,guide,secondaire\2eme_HS\maths\MEPST_Programmes-Educatifs_4e-Sec_2-HS_MATH.pdf,,MEPSP,2025-08-28,True,Synchronisé avec manifest,,,,secondaire\2eme_HS\maths\MEPST_Programmes-Educatifs_4e-Sec_2-HS_MATH.pdf
doc_0031,MEPST GUIDE PE4 SPTIC,https://edu-nc.gouv.cd/programmes-scolaires,français,secondaire,,guide,secondaire\2eme_HS\spttic\MEPST_GUIDE_PE4_SPTIC.pdf,,MEPSP,2025-08-28,True,Synchronisé avec manifest,,,,secondaire\2eme_HS\spttic\MEPST_GUIDE_PE4_SPTIC.pdf
doc_0032,MEPST Programmes Educatifs 4e Sec 2 HS SPTIC,https://edu-nc.gouv.cd/programmes-scolaires,français,secondaire,,guide,secondaire\2eme_HS\spttic\MEPST_Programmes-Educatifs_4e-Sec_2-HS_SPTIC.pdf,,MEPSP,2025-08-28,True,Synchronisé avec manifest,,,,secondaire\2eme_HS\spttic\MEPST_Programmes-Educatifs_4e-Sec_2-HS_SPTIC.pdf
doc_0033,MEPST GUIDE PE4 SVT,https://edu-nc.gouv.cd/programmes-scolaires,français,secondaire,,guide,secondaire\2eme_HS\svt\MEPST_GUIDE_PE4_SVT.pdf,,MEPSP,2025-08-28,True,Synchronisé avec manifest,,,,secondaire\2eme_HS\svt\MEPST_GUIDE_PE4_SVT.pdf
doc_0034,MEPST Programmes Educatifs 4e Sec 2 HS SVT,https://edu-nc.gouv.cd/programmes-scolaires,français,secondaire,,guide,secondaire\2eme_HS\svt\MEPST_Programmes-Educatifs_4e-Sec_2-HS_SVT.pdf,,MEPSP,2025-08-28,True,Synchronisé avec manifest,,,,secondaire\2eme_HS\svt\MEPST_Programmes-Educatifs_4e-Sec_2-HS_SVT.pdf
doc_0035,MEPST GUIDE  PE3 MATH,https://edu-nc.gouv.cd/programmes-scolaires,français,secondaire,,guide,secondaire\1ere_HS\maths\MEPST_GUIDE_-PE3_MATH.pdf,,MEPSP,2025-08-28,True,Synchronisé avec manifest,,,,secondaire\1ere_HS\maths\MEPST_GUIDE_-PE3_MATH.pdf
doc_0036,MEPST Programmes Educatifs 3e Sec 1 HS MATH,https://edu-nc.gouv.cd/programmes-scolaires,français,secondaire,,guide,secondaire\1ere_HS\maths\MEPST_Programmes-Educatifs_3e-Sec_1-HS_MATH.pdf,,MEPSP,2025-08-28,True,Synchronisé avec manifest,,,,secondaire\1ere_HS\maths\MEPST_Programmes-Educatifs_3e-Sec_1-HS_MATH.pdf
doc_0037,MEPST GUIDE PE3 SPTIC,https://edu-nc.gouv.cd/programmes-scolaires,français,secondaire,,guide,secondaire\1ere_HS\spttic\MEPST_GUIDE_PE3_SPTIC.pdf,,MEPSP,2025-08-28,True,Synchronisé avec manifest,,,,secondaire\1ere_HS\spttic\MEPST_GUIDE_PE3_SPTIC.pdf
doc_0038,MEPST Programmes Educatifs 3e Sec 1 HS SPTIC,https://edu-nc.gouv.cd/programmes-scolaires,français,secondaire,,guide,secondaire\1ere_HS\spttic\MEPST_Programmes-Educatifs_3e-Sec_1-HS_SPTIC.pdf,,MEPSP,2025-08-28,True,Synchronisé avec manifest,,,,secondaire\1ere_HS\spttic\MEPST_Programmes-Educatifs_3e-Sec_1-HS_SPTIC.pdf
doc_0039,MEPST GUIDE PE3 SVT,https://edu-nc.gouv.cd/programmes-scolaires,français,secondaire,,guide,secondaire\1ere_HS\svt\MEPST_GUIDE_PE3_SVT.pdf,,MEPSP,2025-08-28,True,Synchronisé avec manifest,,,,secondaire\1ere_HS\svt\MEPST_GUIDE_PE3_SVT.pdf
doc_0040,MEPST Programmes Educatifs 3e Sec 1 HS SVT,https://edu-nc.gouv.cd/programmes-scolaires,français,secondaire,,guide,secondaire\1ere_HS\svt\MEPST_Programmes-Educatifs_3e-Sec_1-HS_SVT.pdf,,MEPSP,2025-08-28,True,Synchronisé avec manifest,,,,secondaire\1ere_HS\svt\MEPST_Programmes-Educatifs_3e-Sec_1-HS_SVT.pdf
doc_0041,Cahier de leleve   3e Annee Francais,https://edu-nc.gouv.cd/programmes-scolaires,français,primaire,,guide,primaire\francais\Cahier-de-leleve-_-3e-Annee-Francais.pdf,,MEPSP,2025-08-28,True,Synchronisé avec manifest,,,,primaire\francais\Cahier-de-leleve-_-3e-Annee-Francais.pdf
doc_0042,Guide de lenseignant  1e Annee Francais oral,https://edu-nc.gouv.cd/programmes-scolaires,français,primaire,,guide,primaire\francais\Guide-de-lenseignant-_1e-Annee-Francais-oral.pdf,,MEPSP,2025-08-28,True,Synchronisé avec manifest,,,,primaire\francais\Guide-de-lenseignant-_1e-Annee-Francais-oral.pdf
doc_0043,Guide de lenseignant  2e Annee Francais oral,https://edu-nc.gouv.cd/programmes-scolaires,français,primaire,,guide,primaire\francais\Guide-de-lenseignant-_2e-Annee-Francais-oral.pdf,,MEPSP,2025-08-28,True,Synchronisé avec manifest,,,,primaire\francais\Guide-de-lenseignant-_2e-Annee-Francais-oral.pdf
doc_0044,Guide de lenseignant  3e Annee Francais,https://edu-nc.gouv.cd/programmes-scolaires,français,primaire,,guide,primaire\francais\Guide-de-lenseignant-_3e-Annee-Francais.pdf,,MEPSP,2025-08-28,True,Synchronisé avec manifest,,,,primaire\francais\Guide-de-lenseignant-_3e-Annee-Francais.pdf
doc_0045,Manuel de leleve   3e Annee Francais,https://edu-nc.gouv.cd/programmes-scolaires,français,primaire,,manuel,primaire\francais\Manuel-de-leleve-_-3e-Annee-Francais.pdf,,MEPSP,2025-08-28,True,Synchronisé avec manifest,,,,primaire\francais\Manuel-de-leleve-_-3e-Annee-Francais.pdf
doc_0046,Cahier de leleve   1e Annee Lingala,https://edu-nc.gouv.cd/programmes-scolaires,lingala,primaire,,guide,primaire\langues_nationales\lingala\Cahier-de-leleve-_-1e-Annee-Lingala.pdf,,MEPSP,2025-08-28,True,Synchronisé avec manifest,,,,primaire\langues_nationales\lingala\Cahier-de-leleve-_-1e-Annee-Lingala.pdf
doc_0047,Cahier de leleve   2e Annee Lingala,https://edu-nc.gouv.cd/programmes-scolaires,lingala,primaire,,guide,primaire\langues_nationales\lingala\Cahier-de-leleve-_-2e-Annee-Lingala.pdf,,MEPSP,2025-08-28,True,Synchronisé avec manifest,,,,primaire\langues_nationales\lingala\Cahier-de-leleve-_-2e-Annee-Lingala.pdf
doc_0048,Cahier de leleve   3e Annee Lingala,https://edu-nc.gouv.cd/programmes-scolaires,lingala,primaire,,guide,primaire\langues_nationales\lingala\Cahier-de-leleve-_-3e-Annee-Lingala.pdf,,MEPSP,2025-08-28,True,Synchronisé avec manifest,,,,primaire\langues_nationales\lingala\Cahier-de-leleve-_-3e-Annee-Lingala.pdf
doc_0049,Guide de lenseignant  1e Annee Lingala,https://edu-nc.gouv.cd/programmes-scolaires,lingala,primaire,,guide,primaire\langues_nationales\lingala\Guide-de-lenseignant-_1e-Annee-Lingala.pdf,,MEPSP,2025-08-28,True,Synchronisé avec manifest,,,,primaire\langues_nationales\lingala\Guide-de-lenseignant-_1e-Annee-Lingala.pdf
doc_0050,Guide de lenseignant  2e Annee Lingala,https://edu-nc.gouv.cd/programmes-scolaires,lingala,primaire,,guide,primaire\langues_nationales\lingala\Guide-de-lenseignant-_2e-Annee-Lingala.pdf,,MEPSP,2025-08-28,True,Synchronisé avec manifest,,,,primaire\langues_nationales\lingala\Guide-de-lenseignant-_2e-Annee-Lingala.pdf
doc_0051,Guide de lenseignant  3e Annee Lingala,https://edu-nc.gouv.cd/programmes-scolaires,lingala,primaire,,guide,primaire\langues_nationales\lingala\Guide-de-lenseignant-_3e-Annee-Lingala.pdf,,MEPSP,2025-08-28,True,Synchronisé avec manifest,,,,primaire\langues_nationales\lingala\Guide-de-lenseignant-_3e-Annee-Lingala.pdf
doc_0052,Manuel de leleve   1e Annee Lingala,https://edu-nc.gouv.cd/programmes-scolaires,lingala,primaire,,manuel,primaire\langues_nationales\lingala\Manuel-de-leleve-_-1e-Annee-Lingala.pdf,,MEPSP,2025-08-28,True,Synchronisé avec manifest,,,,primaire\langues_nationales\lingala\Manuel-de-leleve-_-1e-Annee-Lingala.pdf
doc_0053,Manuel de leleve   2e Annee Lingala,https://edu-nc.gouv.cd/programmes-scolaires,lingala,primaire,,manuel,primaire\langues_nationales\lingala\Manuel-de-leleve-_-2e-Annee-Lingala.pdf,,MEPSP,2025-08-28,True,Synchronisé avec manifest,,,,primaire\langues_nationales\lingala\Manuel-de-leleve-_-2e-Annee-Lingala.pdf
doc_0054,Manuel de leleve   3e Annee Lingala,https://edu-nc.gouv.cd/programmes-scolaires,lingala,primaire,,manuel,primaire\langues_nationales\lingala\Manuel-de-leleve-_-3e-Annee-Lingala.pdf,,MEPSP,2025-08-28,True,Synchronisé avec manifest,,,,primaire\langues_nationales\lingala\Manuel-de-leleve-_-3e-Annee-Lingala.pdf
doc_0055,Cahier de leleve   1e Annee Kiswahili,https://edu-nc.gouv.cd/programmes-scolaires,swahili,primaire,,guide,primaire\langues_nationales\swahili\Cahier-de-leleve-_-1e-Annee-Kiswahili.pdf,,MEPSP,2025-08-28,True,Synchronisé avec manifest,,,,primaire\langues_nationales\swahili\Cahier-de-leleve-_-1e-Annee-Kiswahili.pdf
doc_0056,Cahier de leleve   2e Annee Kiswahili,https://edu-nc.gouv.cd/programmes-scolaires,swahili,primaire,,guide,primaire\langues_nationales\swahili\Cahier-de-leleve-_-2e-Annee-Kiswahili.pdf,,MEPSP,2025-08-28,True,Synchronisé avec manifest,,,,primaire\langues_nationales\swahili\Cahier-de-leleve-_-2e-Annee-Kiswahili.pdf
doc_0057,Cahier de leleve   3e Annee Kiswahili,https://edu-nc.gouv.cd/programmes-scolaires,swahili,primaire,,guide,primaire\langues_nationales\swahili\Cahier-de-leleve-_-3e-Annee-Kiswahili.pdf,,MEPSP,2025-08-28,True,Synchronisé avec manifest,,,,primaire\langues_nationales\swahili\Cahier-de-leleve-_-3e-Annee-Kiswahili.pdf
doc_0058,Guide de lenseignant  1e Annee Kiswahili,https://edu-nc.gouv.cd/programmes-scolaires,swahili,primaire,,guide,primaire\langues_nationales\swahili\Guide-de-lenseignant-_1e-Annee-Kiswahili.pdf,,MEPSP,2025-08-28,True,Synchronisé avec manifest,,,,primaire\langues_nationales\swahili\Guide-de-lenseignant-_1e-Annee-Kiswahili.pdf
doc_0059,Guide de lenseignant  2e Annee Kiswahili,https://edu-nc.gouv.cd/programmes-scolaires,swahili,primaire,,guide,primaire\langues_nationales\swahili\Guide-de-lenseignant-_2e-Annee-Kiswahili.pdf,,MEPSP,2025-08-28,True,Synchronisé avec manifest,,,,primaire\langues_nationales\swahili\Guide-de-lenseignant-_2e-Annee-Kiswahili.pdf
doc_0060,Guide de lenseignant  3e Annee Kiswahili,https://edu-nc.gouv.cd/programmes-scolaires,swahili,primaire,,guide,primaire\langues_nationales\swahili\Guide-de-lenseignant-_3e-Annee-Kiswahili.pdf,,MEPSP,2025-08-28,True,Synchronisé avec manifest,,,,primaire\langues_nationales\swahili\Guide-de-lenseignant-_3e-Annee-Kiswahili.pdf
doc_0061,Manuel de leleve   2e Annee Kiswahili,https://edu-nc.gouv.cd/programmes-scolaires,swahili,primaire,,manuel,primaire\langues_nationales\swahili\Manuel-de-leleve-_-2e-Annee-Kiswahili.pdf,,MEPSP,2025-08-28,True,Synchronisé avec manifest,,,,primaire\langues_nationales\swahili\Manuel-de-leleve-_-2e-Annee-Kiswahili.pdf
doc_0062,Manuel de leleve   3e Annee Kiswahili,https://edu-nc.gouv.cd/programmes-scolaires,swahili,primaire,,manuel,primaire\langues_nationales\swahili\Manuel-de-leleve-_-3e-Annee-Kiswahili.pdf,,MEPSP,2025-08-28,True,Synchronisé avec manifest,,,,primaire\langues_nationales\swahili\Manuel-de-leleve-_-3e-Annee-Kiswahili.pdf
doc_0063,Cahier de leleve   1e Annee Ciluba,https://edu-nc.gouv.cd/programmes-scolaires,tshiluba,primaire,,guide,primaire\langues_nationales\tshiluba\Cahier-de-leleve-_-1e-Annee-Ciluba.pdf,,MEPSP,2025-08-28,True,Synchronisé avec manifest,,,,primaire\langues_nationales\tshiluba\Cahier-de-leleve-_-1e-Annee-Ciluba.pdf
doc_0064,Cahier de leleve   2e Annee Ciluba,https://edu-nc.gouv.cd/programmes-scolaires,tshiluba,primaire,,guide,primaire\langues_nationales\tshiluba\Cahier-de-leleve-_-2e-Annee-Ciluba.pdf,,MEPSP,2025-08-28,True,Synchronisé avec manifest,,,,primaire\langues_nationales\tshiluba\Cahier-de-leleve-_-2e-Annee-Ciluba.pdf
doc_0065,Cahier de leleve   3e Annee Ciluba,https://edu-nc.gouv.cd/programmes-scolaires,tshiluba,primaire,,guide,primaire\langues_nationales\tshiluba\Cahier-de-leleve-_-3e-Annee-Ciluba.pdf,,MEPSP,2025-08-28,True,Synchronisé avec manifest,,,,primaire\langues_nationales\tshiluba\Cahier-de-leleve-_-3e-Annee-Ciluba.pdf
doc_0066,Guide de lenseignant  1e Annee Ciluba,https://edu-nc.gouv.cd/programmes-scolaires,tshiluba,primaire,,guide,primaire\langues_nationales\tshiluba\Guide-de-lenseignant-_1e-Annee-Ciluba.pdf,,MEPSP,2025-08-28,True,Synchronisé avec manifest,,,,primaire\langues_nationales\tshiluba\Guide-de-lenseignant-_1e-Annee-Ciluba.pdf
doc_0067,Guide de lenseignant  2e Annee Ciluba,https://edu-nc.gouv.cd/programmes-scolaires,tshiluba,primaire,,guide,primaire\langues_nationales\tshiluba\Guide-de-lenseignant-_2e-Annee-Ciluba.pdf,,MEPSP,2025-08-28,True,Synchronisé avec manifest,,,,primaire\langues_nationales\tshiluba\Guide-de-lenseignant-_2e-Annee-Ciluba.pdf
doc_0068,Guide de lenseignant  3e Annee Ciluba,https://edu-nc.gouv.cd/programmes-scolaires,tshiluba,primaire,,guide,primaire\langues_nationales\tshiluba\Guide-de-lenseignant-_3e-Annee-Ciluba.pdf,,MEPSP,2025-08-28,True,Synchronisé avec manifest,,,,primaire\langues_nationales\tshiluba\Guide-de-lenseignant-_3e-Annee-Ciluba.pdf
doc_0069,Manuel de leleve   1e Annee Ciluba,https://edu-nc.gouv.cd/programmes-scolaires,tshiluba,primaire,,manuel,primaire\langues_nationales\tshiluba\Manuel-de-leleve-_-1e-Annee-Ciluba.pdf,,MEPSP,2025-08-28,True,Synchronisé avec manifest,,,,primaire\langues_nationales\tshiluba\Manuel-de-leleve-_-1e-Annee-Ciluba.pdf
doc_0070,Manuel de leleve   2e Annee Ciluba,https://edu-nc.gouv.cd/programmes-scolaires,tshiluba,primaire,,manuel,primaire\langues_nationales\tshiluba\Manuel-de-leleve-_-2e-Annee-Ciluba.pdf,,MEPSP,2025-08-28,True,Synchronisé avec manifest,,,,primaire\langues_nationales\tshiluba\Manuel-de-leleve-_-2e-Annee-Ciluba.pdf
doc_0071,Manuel de leleve   3e Annee Ciluba,https://edu-nc.gouv.cd/programmes-scolaires,tshiluba,primaire,,manuel,primaire\langues_nationales\tshiluba\Manuel-de-leleve-_-3e-Annee-Ciluba.pdf,,MEPSP,2025-08-28,True,Synchronisé avec manifest,,,,primaire\langues_nationales\tshiluba\Manuel-de-leleve-_-3e-Annee-Ciluba.pdf
doc_0072,IFADEM RDC Kinshasa Livret 2 Competences Production Orales,https://edu-nc.gouv.cd/programmes-scolaires,français,,,guide,guides_pedagogiques\formation\IFADEM_RDC-Kinshasa-Livret_2-Competences-Production-Orales.pdf,,MEPSP,2025-08-28,True,Synchronisé avec manifest,,,,guides_pedagogiques\formation\IFADEM_RDC-Kinshasa-Livret_2-Competences-Production-Orales.pdf
doc_0073,IFADEM RDC Kinshasa Livret 3 Competences Comprehension Production Ecrites,https://edu-nc.gouv.cd/programmes-scolaires,français,,,guide,guides_pedagogiques\formation\IFADEM_RDC-Kinshasa-Livret_3-Competences-Comprehension-Production-Ecrites.pdf,,MEPSP,2025-08-28,True,Synchronisé avec manifest,,,,guides_pedagogiques\formation\IFADEM_RDC-Kinshasa-Livret_3-Competences-Comprehension-Production-Ecrites.pdf
doc_0074,IFADEM RDC Kinshasa Livret 4 Nouveau Programme Enseignement Primaire,https://edu-nc.gouv.cd/programmes-scolaires,français,,,guide,guides_pedagogiques\formation\IFADEM_RDC-Kinshasa-Livret_4-Nouveau-Programme-Enseignement-Primaire.pdf,,MEPSP,2025-08-28,True,Synchronisé avec manifest,,,,guides_pedagogiques\formation\IFADEM_RDC-Kinshasa-Livret_4-Nouveau-Programme-Enseignement-Primaire.pdf
doc_0075,IFADEM RDC Kinshasa livret No 1 Enseigner la Langue Nationale,https://edu-nc.gouv.cd/programmes-scolaires,français,,,guide,guides_pedagogiques\formation\IFADEM_RDC-Kinshasa-livret_No-1_Enseigner-la-Langue-Nationale.pdf,,MEPSP,2025-08-28,True,Synchronisé avec manifest,,,,guides_pedagogiques\formation\IFADEM_RDC-Kinshasa-livret_No-1_Enseigner-la-Langue-Nationale.pdf
doc_0076,IFADEM RDC Kinshasa Livret No 2 BILINGUISME,https://edu-nc.gouv.cd/programmes-scolaires,français,,,guide,guides_pedagogiques\formation\IFADEM_RDC-Kinshasa-Livret_No-2_BILINGUISME.pdf,,MEPSP,2025-08-28,True,Synchronisé avec manifest,,,,guides_pedagogiques\formation\IFADEM_RDC-Kinshasa-Livret_No-2_BILINGUISME.pdf
doc_0077,PSYCHOPEDAGOGIE,https://edu-nc.gouv.cd/programmes-scolaires,français,,,guide,guides_pedagogiques\psychopedagogie\PSYCHOPEDAGOGIE.pdf,,MEPSP,2025-08-28,True,Synchronisé avec manifest,,,,guides_pedagogiques\psychopedagogie\PSYCHOPEDAGOGIE.pdf
doc_0078,ARRETE DE CREATION HPR,https://edu-nc.gouv.cd/programmes-scolaires,français,,,guide,autres\administration\ARRETE-DE-CREATION-HPR.pdf,,MEPSP,2025-08-28,True,Synchronisé avec manifest,,,,autres\administration\ARRETE-DE-CREATION-HPR.pdf
doc_0079,ARRETE DE CREATION IFME,https://edu-nc.gouv.cd/programmes-scolaires,français,,,guide,autres\administration\ARRETE-DE-CREATION-IFME.pdf,,MEPSP,2025-08-28,True,Synchronisé avec manifest,,,,autres\administration\ARRETE-DE-CREATION-IFME.pdf
doc_0080,ARRETE DE MISE EN OEUVRE HPR,https://edu-nc.gouv.cd/programmes-scolaires,français,,,guide,autres\administration\ARRETE-DE-MISE-EN-OEUVRE-HPR.pdf,,MEPSP,2025-08-28,True,Synchronisé avec manifest,,,,autres\administration\ARRETE-DE-MISE-EN-OEUVRE-HPR.pdf
doc_0081,Normes architecturales et de fonctionnement dun resume rapport final 2017,https://edu-nc.gouv.cd/programmes-scolaires,français,,,guide,autres\administration\Normes-architecturales-et-de-fonctionnement-dun-resume_rapport_final_2017.pdf,,MEPSP,2025-08-28,True,Synchronisé avec manifest,,,,autres\administration\Normes-architecturales-et-de-fonctionnement-dun-resume_rapport_final_2017.pdf
doc_0082,RECUEIL DE NORMES DE LENSEIGNEMENT PRESCOLAIRE EN REPUBLIQUE DEMOCRATIQUE DU CONGO 06.06.2022 FI,https://edu-nc.gouv.cd/programmes-scolaires,français,,,guide,autres\administration\RECUEIL-DE-NORMES-DE-LENSEIGNEMENT-PRESCOLAIRE-EN-REPUBLIQUE-DEMOCRATIQUE-DU-CONGO-06.06.2022-FI.pdf,,MEPSP,2025-08-28,True,Synchronisé avec manifest,,,,autres\administration\RECUEIL-DE-NORMES-DE-LENSEIGNEMENT-PRESCOLAIRE-EN-REPUBLIQUE-DEMOCRATIQUE-DU-CONGO-06.06.2022-FI.pdf
doc_0083,Cahier de lapprenant   Francais CRS N2,https://edu-nc.gouv.cd/programmes-scolaires,français,CRS,,guide,autres\CRS\Cahier-de-lapprenant-_-Francais-CRS-N2.pdf,,MEPSP,2025-08-28,True,Synchronisé avec manifest,,,,autres\CRS\Cahier-de-lapprenant-_-Francais-CRS-N2.pdf
doc_0084,Manuel de lapprenant   Francais CRS N2,https://edu-nc.gouv.cd/programmes-scolaires,français,CRS,,manuel,autres\CRS\Manuel-de-lapprenant-_-Francais-CRS-N2.pdf,,MEPSP,2025-08-28,True,Synchronisé avec manifest,,,,autres\CRS\Manuel-de-lapprenant-_-Francais-CRS-N2.pdf
doc_0085,CALENDRIER SCOLAIRE 2024 2025 REAMENAGE EN PDF,https://edu-nc.gouv.cd/programmes-scolaires,français,,,guide,autres\divers\CALENDRIER-SCOLAIRE-2024-2025-REAMENAGE-EN-PDF.pdf,,MEPSP,2025-08-28,True,Synchronisé avec manifest,,,,autres\divers\CALENDRIER-SCOLAIRE-2024-2025-REAMENAGE-EN-PDF.pdf
doc_0086,Curriculum Commerciale et Gestion,https://edu-nc.gouv.cd/programmes-scolaires,français,,,guide,autres\divers\Curriculum-Commerciale-et-Gestion.pdf,,MEPSP,2025-08-28,True,Synchronisé avec manifest,,,,autres\divers\Curriculum-Commerciale-et-Gestion.pdf
doc_0087,CURRICULUM LIVRABLE SECRETARIAT ADMINISTRATION,https://edu-nc.gouv.cd/programmes-scolaires,français,,,guide,autres\divers\CURRICULUM-LIVRABLE-SECRETARIAT-ADMINISTRATION.pdf,,MEPSP,2025-08-28,True,Synchronisé avec manifest,,,,autres\divers\CURRICULUM-LIVRABLE-SECRETARIAT-ADMINISTRATION.pdf
doc_0088,Manuel de leleve Alphabetisation fonctionnelle 2,https://edu-nc.gouv.cd/programmes-scolaires,français,,,manuel,autres\divers\Manuel-de-leleve_Alphabetisation-fonctionnelle-2.pdf,,MEPSP,2025-08-28,True,Synchronisé avec manifest,,,,autres\divers\Manuel-de-leleve_Alphabetisation-fonctionnelle-2.pdf
doc_0089,Manuel de leleve Alphabetisation initiale 1,https://edu-nc.gouv.cd/programmes-scolaires,français,,,manuel,autres\divers\Manuel-de-leleve_Alphabetisation-initiale-1.pdf,,MEPSP,2025-08-28,True,Synchronisé avec manifest,,,,autres\divers\Manuel-de-leleve_Alphabetisation-initiale-1.pdf
doc_0090,POLITIQUE MANUELS SCOLAIRES VALIDEE 28.02.2017,https://edu-nc.gouv.cd/programmes-scolaires,français,,,manuel,autres\divers\POLITIQUE-MANUELS-SCOLAIRES-VALIDEE-28.02.2017.pdf,,MEPSP,2025-08-28,True,Synchronisé avec manifest,,,,autres\divers\POLITIQUE-MANUELS-SCOLAIRES-VALIDEE-28.02.2017.pdf
doc_0091,PROGRAMME HPR,https://edu-nc.gouv.cd/programmes-scolaires,français,,,guide,autres\divers\PROGRAMME-HPR.pdf,,MEPSP,2025-08-28,True,Synchronisé avec manifest,,,,autres\divers\PROGRAMME-HPR.pdf
doc_0092,PROGRAMME IFME VF,https://edu-nc.gouv.cd/programmes-scolaires,français,,,guide,autres\divers\PROGRAMME-IFME-VF.pdf,,MEPSP,2025-08-28,True,Synchronisé avec manifest,,,,autres\divers\PROGRAMME-IFME-VF.pdf
doc_0093,GEOGRAPHIE,https://edu-nc.gouv.cd/programmes-scolaires,français,,,guide,autres\geographie\GEOGRAPHIE.pdf,,MEPSP,2025-08-28,True,Synchronisé avec manifest,,,,autres\geographie\GEOGRAPHIE.pdf
doc_0094,HISTOIRE,https://edu-nc.gouv.cd/programmes-scolaires,français,,,guide,autres\histoire\HISTOIRE.pdf,,MEPSP,2025-08-28,True,Synchronisé avec manifest,,,,autres\histoire\HISTOIRE.pdf
doc_0095,ELECTRICITE,https://edu-nc.gouv.cd/programmes-scolaires,français,,,guide,autres\techniques\electricite\ELECTRICITE.pdf,,MEPSP,2025-08-28,True,Synchronisé avec manifest,,,,autres\techniques\electricite\ELECTRICITE.pdf
doc_0096,ELECTRONIQUE,https://edu-nc.gouv.cd/programmes-scolaires,français,,,guide,autres\techniques\electronique\ELECTRONIQUE.pdf,,MEPSP,2025-08-28,True,Synchronisé avec manifest,,,,autres\techniques\electronique\ELECTRONIQUE.pdf
doc_0097,PETROCHIMIE,https://edu-nc.gouv.cd/programmes-scolaires,français,,,guide,autres\techniques\petrochimie\PETROCHIMIE.pdf,,MEPSP,2025-08-28,True,Synchronisé avec manifest,,,,autres\techniques\petrochimie\PETROCHIMIE.pdf
doc_0098,INFORMATIQUE ENSEIGEMENT PRIMAIRE,https://edu-nc.gouv.cd/programmes-scolaires,français,primaire,,guide,autres\informatique\primaire\INFORMATIQUE-ENSEIGEMENT-PRIMAIRE.pdf,,MEPSP,2025-08-28,True,Synchronisé avec manifest,,,,autres\informatique\primaire\INFORMATIQUE-ENSEIGEMENT-PRIMAIRE.pdf
doc_0099,INFORMATIQUE ENSEIGNEMENT SECONDAIRE,https://edu-nc.gouv.cd/programmes-scolaires,français,secondaire,,guide,autres\informatique\secondaire\INFORMATIQUE-ENSEIGNEMENT-SECONDAIRE.pdf,,MEPSP,2025-08-28,True,Synchronisé avec manifest,,,,autres\informatique\secondaire\INFORMATIQUE-ENSEIGNEMENT-SECONDAIRE.pdf
doc_0100,EDUCATION CIVIQUE ET MORALE PRIMAIRE,https://edu-nc.gouv.cd/programmes-scolaires,français,primaire,,guide,autres\education_civique\primaire\EDUCATION-CIVIQUE-ET-MORALE-PRIMAIRE.pdf,,MEPSP,2025-08-28,True,Synchronisé avec manifest,,,,autres\education_civique\primaire\EDUCATION-CIVIQUE-ET-MORALE-PRIMAIRE.pdf
doc_0101,EDUCATION CIVIQUE ET MORALE SECONDAIRE,https://edu-nc.gouv.cd/programmes-scolaires,français,secondaire,,guide,autres\education_civique\secondaire\EDUCATION-CIVIQUE-ET-MORALE-SECONDAIRE.pdf,,MEPSP,2025-08-28,True,Synchronisé avec manifest,,,,autres\education_civique\secondaire\EDUCATION-CIVIQUE-ET-MORALE-SECONDAIRE.pdf
doc_0102,Cahier de lapprenant   Lingala CRS N1,https://edu-nc.gouv.cd/programmes-scolaires,lingala,CRS,,guide,autres\CRS\lingala\Cahier-de-lapprenant-_-Lingala-CRS-N1.pdf,,MEPSP,2025-08-28,True,Synchronisé avec manifest,,,,autres\CRS\lingala\Cahier-de-lapprenant-_-Lingala-CRS-N1.pdf
doc_0103,Cahier de lapprenant   Lingala CRS N2,https://edu-nc.gouv.cd/programmes-scolaires,lingala,CRS,,guide,autres\CRS\lingala\Cahier-de-lapprenant-_-Lingala-CRS-N2.pdf,,MEPSP,2025-08-28,True,Synchronisé avec manifest,,,,autres\CRS\lingala\Cahier-de-lapprenant-_-Lingala-CRS-N2.pdf
doc_0104,Guide de leducateur   Lingala CRS N1,https://edu-nc.gouv.cd/programmes-scolaires,lingala,CRS,,guide,autres\CRS\lingala\Guide-de-leducateur-_-Lingala-CRS-N1.pdf,,MEPSP,2025-08-28,True,Synchronisé avec manifest,,,,autres\CRS\lingala\Guide-de-leducateur-_-Lingala-CRS-N1.pdf
doc_0105,Guide de leducateur   Lingala CRS N2,https://edu-nc.gouv.cd/programmes-scolaires,lingala,CRS,,guide,autres\CRS\lingala\Guide-de-leducateur-_-Lingala-CRS-N2.pdf,,MEPSP,2025-08-28,True,Synchronisé avec manifest,,,,autres\CRS\lingala\Guide-de-leducateur-_-Lingala-CRS-N2.pdf
doc_0106,Livret de lapprenant   Lingala CRS N1,https://edu-nc.gouv.cd/programmes-scolaires,lingala,CRS,,guide,autres\CRS\lingala\Livret-de-lapprenant-_-Lingala-CRS-N1.pdf,,MEPSP,2025-08-28,True,Synchronisé avec manifest,,,,autres\CRS\lingala\Livret-de-lapprenant-_-Lingala-CRS-N1.pdf
doc_0107,Manuel de lapprenant   Lingala CRS N2,https://edu-nc.gouv.cd/programmes-scolaires,lingala,CRS,,manuel,autres\CRS\lingala\Manuel-de-lapprenant-_-Lingala-CRS-N2.pdf,,MEPSP,2025-08-28,True,Synchronisé avec manifest,,,,autres\CRS\lingala\Manuel-de-lapprenant-_-Lingala-CRS-N2.pdf
doc_0108,Cahier de lapprenant   Kiswahili CRS N1,https://edu-nc.gouv.cd/programmes-scolaires,swahili,CRS,,guide,autres\CRS\swahili\Cahier-de-lapprenant-_-Kiswahili-CRS-N1.pdf,,MEPSP,2025-08-28,True,Synchronisé avec manifest,,,,autres\CRS\swahili\Cahier-de-lapprenant-_-Kiswahili-CRS-N1.pdf
doc_0109,Cahier de lapprenant   Kiswahili CRS N2,https://edu-nc.gouv.cd/programmes-scolaires,swahili,CRS,,guide,autres\CRS\swahili\Cahier-de-lapprenant-_-Kiswahili-CRS-N2.pdf,,MEPSP,2025-08-28,True,Synchronisé avec manifest,,,,autres\CRS\swahili\Cahier-de-lapprenant-_-Kiswahili-CRS-N2.pdf
doc_0110,Guide de leducateur   Kiswahili CRS N1,https://edu-nc.gouv.cd/programmes-scolaires,swahili,CRS,,guide,autres\CRS\swahili\Guide-de-leducateur-_-Kiswahili-CRS-N1.pdf,,MEPSP,2025-08-28,True,Synchronisé avec manifest,,,,autres\CRS\swahili\Guide-de-leducateur-_-Kiswahili-CRS-N1.pdf
doc_0111,Guide de leducateur   Kiswahili CRS N2,https://edu-nc.gouv.cd/programmes-scolaires,swahili,CRS,,guide,autres\CRS\swahili\Guide-de-leducateur-_-Kiswahili-CRS-N2.pdf,,MEPSP,2025-08-28,True,Synchronisé avec manifest,,,,autres\CRS\swahili\Guide-de-leducateur-_-Kiswahili-CRS-N2.pdf
doc_0112,Livret de lapprenant   Kiswahili CRS N1,https://edu-nc.gouv.cd/programmes-scolaires,swahili,CRS,,guide,autres\CRS\swahili\Livret-de-lapprenant-_-Kiswahili-CRS-N1.pdf,,MEPSP,2025-08-28,True,Synchronisé avec manifest,,,,autres\CRS\swahili\Livret-de-lapprenant-_-Kiswahili-CRS-N1.pdf
doc_0113,Manuel de lapprenant   Kiswahili CRS N2,https://edu-nc.gouv.cd/programmes-scolaires,swahili,CRS,,manuel,autres\CRS\swahili\Manuel-de-lapprenant-_-Kiswahili-CRS-N2.pdf,,MEPSP,2025-08-28,True,Synchronisé avec manifest,,,,autres\CRS\swahili\Manuel-de-lapprenant-_-Kiswahili-CRS-N2.pdf
doc_0114,Cahier de lapprenant   Ciluba CRS N1,https://edu-nc.gouv.cd/programmes-scolaires,tshiluba,CRS,,guide,autres\CRS\tshiluba\Cahier-de-lapprenant-_-Ciluba-CRS-N1.pdf,,MEPSP,2025-08-28,True,Synchronisé avec manifest,,,,autres\CRS\tshiluba\Cahier-de-lapprenant-_-Ciluba-CRS-N1.pdf
doc_0115,Cahier de lapprenant   Ciluba CRS N2,https://edu-nc.gouv.cd/programmes-scolaires,tshiluba,CRS,,guide,autres\CRS\tshiluba\Cahier-de-lapprenant-_-Ciluba-CRS-N2.pdf,,MEPSP,2025-08-28,True,Synchronisé avec manifest,,,,autres\CRS\tshiluba\Cahier-de-lapprenant-_-Ciluba-CRS-N2.pdf
doc_0116,Guide de leducateur   Ciluba CRS N2,https://edu-nc.gouv.cd/programmes-scolaires,tshiluba,CRS,,guide,autres\CRS\tshiluba\Guide-de-leducateur-_-Ciluba-CRS-N2.pdf,,MEPSP,2025-08-28,True,Synchronisé avec manifest,,,,autres\CRS\tshiluba\Guide-de-leducateur-_-Ciluba-CRS-N2.pdf
doc_0117,Manuel de lapprenant   Ciluba CRS N2,https://edu-nc.gouv.cd/programmes-scolaires,tshiluba,CRS,,manuel,autres\CRS\tshiluba\Manuel-de-lapprenant-_-Ciluba-CRS-N2.pdf,,MEPSP,2025-08-28,True,Synchronisé avec manifest,,,,autres\CRS\tshiluba\Manuel-de-lapprenant-_-Ciluba-CRS-N2.pdf
