id,status,from,to,subject,cycle_or_level
LN_MATH_001,kept,MEPST_Programmes-Educatifs_4e-Sec_2-HS_MATH.pdf#p.12,MEPST_Programmes-Educatifs_4e-Sec_2-HS_MATH.pdf#p.12,mathématiques,"4eme_PR,4e_PR,4eme,4e"
LN_FR_002,kept,Cahier-de-lapprenant-_-Francais-CRS-N2.pdf#p.7,Cahier-de-lapprenant-_-Francais-CRS-N2.pdf#p.7,français,"6eme_PR,6e_PR,6eme,6e"
KK_MATH_003,kept,MEPST_Programmes-Educatifs_3e-Sec_1-HS_MATH.pdf#p.9,MEPST_Programmes-Educatifs_3e-Sec_1-HS_MATH.pdf#p.9,mathématiques,"3eme_PR,3e_PR,3eme,3e"
KK_SCI_004,kept,MEPST_Programmes-Educatifs_5e-Sec_3-HS_SVT.pdf#p.14,MEPST_Programmes-Educatifs_5e-Sec_3-HS_SVT.pdf#p.14,sciences,"5eme_PR,5e_PR,5eme,5e"
SW_MATH_005,kept,MEPST_Programmes-Educatifs_5e-Sec_3-HS_MATH.pdf#p.11,MEPST_Programmes-Educatifs_5e-Sec_3-HS_MATH.pdf#p.11,mathématiques,"5eme_PR,5e_PR,5eme,5e"
SW_HIST_006,kept,MEPST_Programmes-Educatifs_6e-Sec_4-HS_SVT.pdf#p.18,MEPST_Programmes-Educatifs_6e-Sec_4-HS_SVT.pdf#p.18,histoire-géo,"6eme_PR,6e_PR,6eme,6e"
TSH_SCI_007,kept,MEPST_Programmes-Educatifs_6e-Sec_4-HS_SVT.pdf#p.10,MEPST_Programmes-Educatifs_6e-Sec_4-HS_SVT.pdf#p.10,sciences,"6eme_PR,6e_PR,6eme,6e"
TSH_FR_008,kept,Cahier-de-lapprenant-_-Francais-CRS-N2.pdf#p.6,Cahier-de-lapprenant-_-Francais-CRS-N2.pdf#p.6,français,"5eme_PR,5e_PR,5eme,5e"
FR_MATH_009,kept,MEPST_GUIDE_PE4_MATH.pdf#p.8,MEPST_GUIDE_PE4_MATH.pdf#p.8,mathématiques,"2eme_PR,2e_PR,2eme,2e"
FR_SCI_010,kept,MEPST_Programmes-Educatifs_4e-Sec_2-HS_SVT.pdf#p.5,MEPST_Programmes-Educatifs_4e-Sec_2-HS_SVT.pdf#p.5,sciences,"4eme_PR,4e_PR,4eme,4e"
EN_MATH_011,kept,MEPST_GUIDE_PE5_MATH.pdf#p.22,MEPST_GUIDE_PE5_MATH.pdf#p.22,mathématiques,3eme_HS
EN_SCI_012,kept,MEPST_Programmes-Educatifs_3e-Sec_1-HS_SVT.pdf#p.13,MEPST_Programmes-Educatifs_3e-Sec_1-HS_SVT.pdf#p.13,sciences,1ere_HS
FR2_MATH_001,kept,MEPST_GUIDE_PE4_MATH.pdf#p.6,MEPST_GUIDE_PE4_MATH.pdf#p.6,mathématiques,"2eme_PR,2e_PR,2eme,2e"
LN2_MATH_002,kept,MEPST_GUIDE_PE4_MATH.pdf#p.8,MEPST_GUIDE_PE4_MATH.pdf#p.8,mathématiques,"2eme_PR,2e_PR,2eme,2e"
KK2_FR_003,kept,Guide-de-lenseignant-_2e-Annee-Francais-oral.pdf#p.4,Guide-de-lenseignant-_2e-Annee-Francais-oral.pdf#p.4,français,"2eme_PR,2e_PR,2eme,2e"
SW2_FR_004,kept,Guide-de-lenseignant-_2e-Annee-Francais-oral.pdf#p.7,Guide-de-lenseignant-_2e-Annee-Francais-oral.pdf#p.7,français,"2eme_PR,2e_PR,2eme,2e"
TSH2_MATH_005,kept,MEPST_GUIDE_PE4_MATH.pdf#p.10,MEPST_GUIDE_PE4_MATH.pdf#p.10,mathématiques,"2eme_PR,2e_PR,2eme,2e"
EN2_FR_006,kept,Guide-de-lenseignant-_2e-Annee-Francais-oral.pdf#p.5,Guide-de-lenseignant-_2e-Annee-Francais-oral.pdf#p.5,français,"2eme_PR,2e_PR,2eme,2e"
FR3_MATH_007,kept,MEPST_Programmes-Educatifs_3e-Sec_1-HS_MATH.pdf#p.9,MEPST_Programmes-Educatifs_3e-Sec_1-HS_MATH.pdf#p.9,mathématiques,"3eme_PR,3e_PR,3eme,3e"
LN3_MATH_008,kept,MEPST_Programmes-Educatifs_3e-Sec_1-HS_MATH.pdf#p.12,MEPST_Programmes-Educatifs_3e-Sec_1-HS_MATH.pdf#p.12,mathématiques,"3eme_PR,3e_PR,3eme,3e"
KK3_FR_009,kept,Cahier-de-leleve-_-3e-Annee-Francais.pdf#p.6,Cahier-de-leleve-_-3e-Annee-Francais.pdf#p.6,français,"3eme_PR,3e_PR,3eme,3e"
SW3_FR_010,kept,Cahier-de-leleve-_-3e-Annee-Francais.pdf#p.7,Cahier-de-leleve-_-3e-Annee-Francais.pdf#p.7,français,"3eme_PR,3e_PR,3eme,3e"
TSH3_MATH_011,kept,MEPST_Programmes-Educatifs_3e-Sec_1-HS_MATH.pdf#p.14,MEPST_Programmes-Educatifs_3e-Sec_1-HS_MATH.pdf#p.14,mathématiques,"3eme_PR,3e_PR,3eme,3e"
EN3_FR_012,kept,Cahier-de-leleve-_-3e-Annee-Francais.pdf#p.8,Cahier-de-leleve-_-3e-Annee-Francais.pdf#p.8,français,"3eme_PR,3e_PR,3eme,3e"
FR4_MATH_013,kept,MEPST_Programmes-Educatifs_4e-Sec_2-HS_MATH.pdf#p.11,MEPST_Programmes-Educatifs_4e-Sec_2-HS_MATH.pdf#p.11,mathématiques,"4eme_PR,4e_PR,4eme,4e"
LN4_MATH_014,kept,MEPST_Programmes-Educatifs_4e-Sec_2-HS_MATH.pdf#p.12,MEPST_Programmes-Educatifs_4e-Sec_2-HS_MATH.pdf#p.12,mathématiques,"4eme_PR,4e_PR,4eme,4e"
KK4_FR_015,kept,Cahier-de-lapprenant-_-Francais-CRS-N2.pdf#p.5,Cahier-de-lapprenant-_-Francais-CRS-N2.pdf#p.5,français,"4eme_PR,4e_PR,4eme,4e"
SW4_FR_016,kept,Cahier-de-lapprenant-_-Francais-CRS-N2.pdf#p.9,Cahier-de-lapprenant-_-Francais-CRS-N2.pdf#p.9,français,"4eme_PR,4e_PR,4eme,4e"
TSH4_MATH_017,kept,MEPST_Programmes-Educatifs_4e-Sec_2-HS_MATH.pdf#p.15,MEPST_Programmes-Educatifs_4e-Sec_2-HS_MATH.pdf#p.15,mathématiques,"4eme_PR,4e_PR,4eme,4e"
EN4_FR_018,kept,Cahier-de-lapprenant-_-Francais-CRS-N2.pdf#p.7,Cahier-de-lapprenant-_-Francais-CRS-N2.pdf#p.7,français,"4eme_PR,4e_PR,4eme,4e"
FR5_MATH_019,kept,MEPST_Programmes-Educatifs_5e-Sec_3-HS_MATH.pdf#p.11,MEPST_Programmes-Educatifs_5e-Sec_3-HS_MATH.pdf#p.11,mathématiques,"5eme_PR,5e_PR,5eme,5e"
LN5_MATH_020,kept,MEPST_Programmes-Educatifs_5e-Sec_3-HS_MATH.pdf#p.13,MEPST_Programmes-Educatifs_5e-Sec_3-HS_MATH.pdf#p.13,mathématiques,"5eme_PR,5e_PR,5eme,5e"
KK5_FR_021,kept,Cahier-de-lapprenant-_-Francais-CRS-N2.pdf#p.10,Cahier-de-lapprenant-_-Francais-CRS-N2.pdf#p.10,français,"5eme_PR,5e_PR,5eme,5e"
SW5_FR_022,kept,Cahier-de-lapprenant-_-Francais-CRS-N2.pdf#p.12,Cahier-de-lapprenant-_-Francais-CRS-N2.pdf#p.12,français,"5eme_PR,5e_PR,5eme,5e"
TSH5_MATH_023,kept,MEPST_Programmes-Educatifs_5e-Sec_3-HS_MATH.pdf#p.14,MEPST_Programmes-Educatifs_5e-Sec_3-HS_MATH.pdf#p.14,mathématiques,"5eme_PR,5e_PR,5eme,5e"
EN5_FR_024,kept,Cahier-de-lapprenant-_-Francais-CRS-N2.pdf#p.9,Cahier-de-lapprenant-_-Francais-CRS-N2.pdf#p.9,français,"5eme_PR,5e_PR,5eme,5e"
FR6_MATH_025,kept,MEPST_Programmes-Educatifs_6e-Sec_4-HS_MATH.pdf#p.10,MEPST_Programmes-Educatifs_6e-Sec_4-HS_MATH.pdf#p.10,mathématiques,"6eme_PR,6e_PR,6eme,6e"
LN6_MATH_026,kept,MEPST_Programmes-Educatifs_6e-Sec_4-HS_MATH.pdf#p.8,MEPST_Programmes-Educatifs_6e-Sec_4-HS_MATH.pdf#p.8,mathématiques,"6eme_PR,6e_PR,6eme,6e"
KK6_FR_027,kept,Cahier-de-lapprenant-_-Francais-CRS-N2.pdf#p.13,Cahier-de-lapprenant-_-Francais-CRS-N2.pdf#p.13,français,"6eme_PR,6e_PR,6eme,6e"
SW6_FR_028,kept,Cahier-de-lapprenant-_-Francais-CRS-N2.pdf#p.15,Cahier-de-lapprenant-_-Francais-CRS-N2.pdf#p.15,français,"6eme_PR,6e_PR,6eme,6e"
TSH6_MATH_029,kept,MEPST_Programmes-Educatifs_6e-Sec_4-HS_MATH.pdf#p.12,MEPST_Programmes-Educatifs_6e-Sec_4-HS_MATH.pdf#p.12,mathématiques,"6eme_PR,6e_PR,6eme,6e"
EN6_FR_030,kept,Cahier-de-lapprenant-_-Francais-CRS-N2.pdf#p.11,Cahier-de-lapprenant-_-Francais-CRS-N2.pdf#p.11,français,"6eme_PR,6e_PR,6eme,6e"
SC4_FR_001,kept,MEPST_Programmes-Educatifs_4e-Sec_2-HS_SVT.pdf#p.4,MEPST_Programmes-Educatifs_4e-Sec_2-HS_SVT.pdf#p.4,sciences,"4eme_PR,4e_PR,4eme,4e"
SC4_LN_002,kept,MEPST_Programmes-Educatifs_4e-Sec_2-HS_SVT.pdf#p.4,MEPST_Programmes-Educatifs_4e-Sec_2-HS_SVT.pdf#p.4,sciences,"4eme_PR,4e_PR,4eme,4e"
SC4_KK_003,kept,MEPST_Programmes-Educatifs_4e-Sec_2-HS_SVT.pdf#p.4,MEPST_Programmes-Educatifs_4e-Sec_2-HS_SVT.pdf#p.4,sciences,"4eme_PR,4e_PR,4eme,4e"
SC5_FR_004,kept,MEPST_Programmes-Educatifs_5e-Sec_3-HS_SVT.pdf#p.8,MEPST_Programmes-Educatifs_5e-Sec_3-HS_SVT.pdf#p.8,sciences,"5eme_PR,5e_PR,5eme,5e"
SC5_SW_005,kept,MEPST_Programmes-Educatifs_5e-Sec_3-HS_SVT.pdf#p.8,MEPST_Programmes-Educatifs_5e-Sec_3-HS_SVT.pdf#p.8,sciences,"5eme_PR,5e_PR,5eme,5e"
SC5_TSH_006,kept,MEPST_Programmes-Educatifs_5e-Sec_3-HS_SVT.pdf#p.8,MEPST_Programmes-Educatifs_5e-Sec_3-HS_SVT.pdf#p.8,sciences,"5eme_PR,5e_PR,5eme,5e"
SC6_FR_007,kept,MEPST_Programmes-Educatifs_6e-Sec_4-HS_SVT.pdf#p.10,MEPST_Programmes-Educatifs_6e-Sec_4-HS_SVT.pdf#p.10,sciences,"6eme_PR,6e_PR,6eme,6e"
SC6_LN_008,kept,MEPST_Programmes-Educatifs_6e-Sec_4-HS_SVT.pdf#p.10,MEPST_Programmes-Educatifs_6e-Sec_4-HS_SVT.pdf#p.10,sciences,"6eme_PR,6e_PR,6eme,6e"
SC6_EN_009,kept,MEPST_Programmes-Educatifs_6e-Sec_4-HS_SVT.pdf#p.12,MEPST_Programmes-Educatifs_6e-Sec_4-HS_SVT.pdf#p.12,sciences,"6eme_PR,6e_PR,6eme,6e"
SC6_KK_010,kept,MEPST_Programmes-Educatifs_6e-Sec_4-HS_SVT.pdf#p.12,MEPST_Programmes-Educatifs_6e-Sec_4-HS_SVT.pdf#p.12,sciences,"6eme_PR,6e_PR,6eme,6e"
SC1S_FR_011,kept,GUIDE-PE7-SPTTIC.pdf#p.6,GUIDE-PE7-SPTTIC.pdf#p.6,sciences,7eme_EB
SC1S_SW_012,kept,GUIDE-PE7-SPTTIC.pdf#p.6,GUIDE-PE7-SPTTIC.pdf#p.6,sciences,7eme_EB
SC2S_FR_013,kept,PE8-SVT-16062019_DIPROMAD_MEPSP.pdf#p.9,PE8-SVT-16062019_DIPROMAD_MEPSP.pdf#p.9,sciences,8eme_EB
SC2S_EN_014,kept,PE8-SVT-16062019_DIPROMAD_MEPSP.pdf#p.10,PE8-SVT-16062019_DIPROMAD_MEPSP.pdf#p.10,sciences,8eme_EB
SC2S_TSH_015,kept,PE8-SVT-16062019_DIPROMAD_MEPSP.pdf#p.10,PE8-SVT-16062019_DIPROMAD_MEPSP.pdf#p.10,sciences,8eme_EB
SC3S_FR_016,kept,MEPST_Programmes-Educatifs_3e-Sec_1-HS_SVT.pdf#p.7,MEPST_Programmes-Educatifs_3e-Sec_1-HS_SVT.pdf#p.7,sciences,1ere_HS
SC3S_LN_017,kept,MEPST_Programmes-Educatifs_3e-Sec_1-HS_SVT.pdf#p.7,MEPST_Programmes-Educatifs_3e-Sec_1-HS_SVT.pdf#p.7,sciences,1ere_HS
SC1S_KK_018,kept,GUIDE-PE7-SPTTIC.pdf#p.8,GUIDE-PE7-SPTTIC.pdf#p.8,sciences,7eme_EB
SC5_EN_019,kept,MEPST_Programmes-Educatifs_5e-Sec_3-HS_SVT.pdf#p.11,MEPST_Programmes-Educatifs_5e-Sec_3-HS_SVT.pdf#p.11,sciences,"5eme_PR,5e_PR,5eme,5e"
SC6_SW_020,kept,MEPST_Programmes-Educatifs_6e-Sec_4-HS_SVT.pdf#p.14,MEPST_Programmes-Educatifs_6e-Sec_4-HS_SVT.pdf#p.14,sciences,"6eme_PR,6e_PR,6eme,6e"
HG4_FR_021,kept,MEPST_Programmes-Educatifs_4e-Sec_2-HS_SVT.pdf#p.5,MEPST_Programmes-Educatifs_4e-Sec_2-HS_SVT.pdf#p.5,histoire-géo,"4eme_PR,4e_PR,4eme,4e"
HG4_LN_022,kept,MEPST_Programmes-Educatifs_4e-Sec_2-HS_SVT.pdf#p.5,MEPST_Programmes-Educatifs_4e-Sec_2-HS_SVT.pdf#p.5,histoire-géo,"4eme_PR,4e_PR,4eme,4e"
HG5_FR_023,kept,MEPST_Programmes-Educatifs_5e-Sec_3-HS_SVT.pdf#p.6,MEPST_Programmes-Educatifs_5e-Sec_3-HS_SVT.pdf#p.6,histoire-géo,"5eme_PR,5e_PR,5eme,5e"
HG5_SW_024,kept,MEPST_Programmes-Educatifs_5e-Sec_3-HS_SVT.pdf#p.6,MEPST_Programmes-Educatifs_5e-Sec_3-HS_SVT.pdf#p.6,histoire-géo,"5eme_PR,5e_PR,5eme,5e"
HG5_TSH_025,kept,MEPST_Programmes-Educatifs_5e-Sec_3-HS_SVT.pdf#p.6,MEPST_Programmes-Educatifs_5e-Sec_3-HS_SVT.pdf#p.6,histoire-géo,"5eme_PR,5e_PR,5eme,5e"
HG6_FR_026,kept,MEPST_Programmes-Educatifs_6e-Sec_4-HS_SVT.pdf#p.9,MEPST_Programmes-Educatifs_6e-Sec_4-HS_SVT.pdf#p.9,histoire-géo,"6eme_PR,6e_PR,6eme,6e"
HG6_KK_027,kept,MEPST_Programmes-Educatifs_6e-Sec_4-HS_SVT.pdf#p.9,MEPST_Programmes-Educatifs_6e-Sec_4-HS_SVT.pdf#p.9,histoire-géo,"6eme_PR,6e_PR,6eme,6e"
HG1S_FR_028,kept,PE7-SPTTIC.pdf#p.12,PE7-SPTTIC.pdf#p.12,histoire-géo,7eme_EB
HG1S_EN_029,kept,PE7-SPTTIC.pdf#p.12,PE7-SPTTIC.pdf#p.12,histoire-géo,7eme_EB
HG1S_LN_030,kept,PE7-SPTTIC.pdf#p.12,PE7-SPTTIC.pdf#p.12,histoire-géo,7eme_EB
HG2S_FR_031,kept,PE8-SVT-16062019_DIPROMAD_MEPSP.pdf#p.14,PE8-SVT-16062019_DIPROMAD_MEPSP.pdf#p.14,histoire-géo,8eme_EB
HG2S_SW_032,kept,PE8-SVT-16062019_DIPROMAD_MEPSP.pdf#p.14,PE8-SVT-16062019_DIPROMAD_MEPSP.pdf#p.14,histoire-géo,8eme_EB
HG2S_TSH_033,kept,PE8-SVT-16062019_DIPROMAD_MEPSP.pdf#p.14,PE8-SVT-16062019_DIPROMAD_MEPSP.pdf#p.14,histoire-géo,8eme_EB
HG3S_FR_034,kept,MEPST_Programmes-Educatifs_3e-Sec_1-HS_SVT.pdf#p.7,MEPST_Programmes-Educatifs_3e-Sec_1-HS_SVT.pdf#p.7,histoire-géo,1ere_HS
HG3S_EN_035,kept,MEPST_Programmes-Educatifs_3e-Sec_1-HS_SVT.pdf#p.7,MEPST_Programmes-Educatifs_3e-Sec_1-HS_SVT.pdf#p.7,histoire-géo,1ere_HS
HG5_FR_036,kept,MEPST_Programmes-Educatifs_5e-Sec_3-HS_SVT.pdf#p.8,MEPST_Programmes-Educatifs_5e-Sec_3-HS_SVT.pdf#p.8,histoire-géo,"5eme_PR,5e_PR,5eme,5e"
HG6_SW_037,kept,MEPST_Programmes-Educatifs_6e-Sec_4-HS_SVT.pdf#p.8,MEPST_Programmes-Educatifs_6e-Sec_4-HS_SVT.pdf#p.8,histoire-géo,"6eme_PR,6e_PR,6eme,6e"
HG1S_KK_038,kept,PE7-SPTTIC.pdf#p.9,PE7-SPTTIC.pdf#p.9,histoire-géo,7eme_EB
HG2S_EN_039,kept,PE8-SVT-16062019_DIPROMAD_MEPSP.pdf#p.9,PE8-SVT-16062019_DIPROMAD_MEPSP.pdf#p.9,histoire-géo,8eme_EB
HG3S_LN_040,kept,MEPST_Programmes-Educatifs_3e-Sec_1-HS_SVT.pdf#p.9,MEPST_Programmes-Educatifs_3e-Sec_1-HS_SVT.pdf#p.9,histoire-géo,1ere_HS
SC4_FR_041,kept,MEPST_Programmes-Educatifs_4e-Sec_2-HS_SVT.pdf#p.5,MEPST_Programmes-Educatifs_4e-Sec_2-HS_SVT.pdf#p.5,sciences,"4eme_PR,4e_PR,4eme,4e"
SC4_LN_042,kept,MEPST_Programmes-Educatifs_4e-Sec_2-HS_SVT.pdf#p.5,MEPST_Programmes-Educatifs_4e-Sec_2-HS_SVT.pdf#p.5,sciences,"4eme_PR,4e_PR,4eme,4e"
SC4_SW_043,kept,MEPST_Programmes-Educatifs_4e-Sec_2-HS_SVT.pdf#p.6,MEPST_Programmes-Educatifs_4e-Sec_2-HS_SVT.pdf#p.6,sciences,"4eme_PR,4e_PR,4eme,4e"
SC4_KK_044,kept,MEPST_Programmes-Educatifs_4e-Sec_2-HS_SVT.pdf#p.6,MEPST_Programmes-Educatifs_4e-Sec_2-HS_SVT.pdf#p.6,sciences,"4eme_PR,4e_PR,4eme,4e"
SC5_FR_045,kept,MEPST_Programmes-Educatifs_5e-Sec_3-HS_SVT.pdf#p.10,MEPST_Programmes-Educatifs_5e-Sec_3-HS_SVT.pdf#p.10,sciences,"5eme_PR,5e_PR,5eme,5e"
SC5_TSH_046,kept,MEPST_Programmes-Educatifs_5e-Sec_3-HS_SVT.pdf#p.10,MEPST_Programmes-Educatifs_5e-Sec_3-HS_SVT.pdf#p.10,sciences,"5eme_PR,5e_PR,5eme,5e"
SC5_EN_047,kept,MEPST_Programmes-Educatifs_5e-Sec_3-HS_SVT.pdf#p.12,MEPST_Programmes-Educatifs_5e-Sec_3-HS_SVT.pdf#p.12,sciences,"5eme_PR,5e_PR,5eme,5e"
SC5_LN_048,kept,MEPST_Programmes-Educatifs_5e-Sec_3-HS_SVT.pdf#p.11,MEPST_Programmes-Educatifs_5e-Sec_3-HS_SVT.pdf#p.11,sciences,"5eme_PR,5e_PR,5eme,5e"
SC6_FR_049,kept,MEPST_Programmes-Educatifs_6e-Sec_4-HS_SVT.pdf#p.13,MEPST_Programmes-Educatifs_6e-Sec_4-HS_SVT.pdf#p.13,sciences,"6eme_PR,6e_PR,6eme,6e"
SC6_SW_050,kept,MEPST_Programmes-Educatifs_6e-Sec_4-HS_SVT.pdf#p.15,MEPST_Programmes-Educatifs_6e-Sec_4-HS_SVT.pdf#p.15,sciences,"6eme_PR,6e_PR,6eme,6e"
SC6_KK_051,kept,MEPST_Programmes-Educatifs_6e-Sec_4-HS_SVT.pdf#p.10,MEPST_Programmes-Educatifs_6e-Sec_4-HS_SVT.pdf#p.10,sciences,"6eme_PR,6e_PR,6eme,6e"
SC1S_FR_052,kept,GUIDE-PE7-SPTTIC.pdf#p.7,GUIDE-PE7-SPTTIC.pdf#p.7,sciences,7eme_EB
SC1S_EN_053,kept,GUIDE-PE7-SPTTIC.pdf#p.8,GUIDE-PE7-SPTTIC.pdf#p.8,sciences,7eme_EB
SC1S_LN_054,kept,GUIDE-PE7-SPTTIC.pdf#p.8,GUIDE-PE7-SPTTIC.pdf#p.8,sciences,7eme_EB
SC2S_FR_055,kept,PE8-SVT-16062019_DIPROMAD_MEPSP.pdf#p.10,PE8-SVT-16062019_DIPROMAD_MEPSP.pdf#p.10,sciences,8eme_EB
SC2S_TSH_056,kept,PE8-SVT-16062019_DIPROMAD_MEPSP.pdf#p.10,PE8-SVT-16062019_DIPROMAD_MEPSP.pdf#p.10,sciences,8eme_EB
SC2S_SW_057,kept,PE8-SVT-16062019_DIPROMAD_MEPSP.pdf#p.9,PE8-SVT-16062019_DIPROMAD_MEPSP.pdf#p.9,sciences,8eme_EB
SC3S_FR_058,kept,MEPST_Programmes-Educatifs_3e-Sec_1-HS_SVT.pdf#p.11,MEPST_Programmes-Educatifs_3e-Sec_1-HS_SVT.pdf#p.11,sciences,1ere_HS
SC3S_EN_059,kept,MEPST_Programmes-Educatifs_3e-Sec_1-HS_SVT.pdf#p.12,MEPST_Programmes-Educatifs_3e-Sec_1-HS_SVT.pdf#p.12,sciences,1ere_HS
SC3S_KK_060,kept,MEPST_Programmes-Educatifs_3e-Sec_1-HS_SVT.pdf#p.12,MEPST_Programmes-Educatifs_3e-Sec_1-HS_SVT.pdf#p.12,sciences,1ere_HS
HG4_FR_061,kept,MEPST_Programmes-Educatifs_4e-Sec_2-HS_SVT.pdf#p.7,MEPST_Programmes-Educatifs_4e-Sec_2-HS_SVT.pdf#p.7,histoire-géo,"4eme_PR,4e_PR,4eme,4e"
HG4_LN_062,kept,MEPST_Programmes-Educatifs_4e-Sec_2-HS_SVT.pdf#p.7,MEPST_Programmes-Educatifs_4e-Sec_2-HS_SVT.pdf#p.7,histoire-géo,"4eme_PR,4e_PR,4eme,4e"
HG4_SW_063,kept,MEPST_Programmes-Educatifs_4e-Sec_2-HS_SVT.pdf#p.5,MEPST_Programmes-Educatifs_4e-Sec_2-HS_SVT.pdf#p.5,histoire-géo,"4eme_PR,4e_PR,4eme,4e"
HG5_FR_064,kept,MEPST_Programmes-Educatifs_5e-Sec_3-HS_SVT.pdf#p.8,MEPST_Programmes-Educatifs_5e-Sec_3-HS_SVT.pdf#p.8,histoire-géo,"5eme_PR,5e_PR,5eme,5e"
HG5_TSH_065,kept,MEPST_Programmes-Educatifs_5e-Sec_3-HS_SVT.pdf#p.8,MEPST_Programmes-Educatifs_5e-Sec_3-HS_SVT.pdf#p.8,histoire-géo,"5eme_PR,5e_PR,5eme,5e"
HG5_KK_066,kept,MEPST_Programmes-Educatifs_5e-Sec_3-HS_SVT.pdf#p.6,MEPST_Programmes-Educatifs_5e-Sec_3-HS_SVT.pdf#p.6,histoire-géo,"5eme_PR,5e_PR,5eme,5e"
HG6_FR_067,kept,MEPST_Programmes-Educatifs_6e-Sec_4-HS_SVT.pdf#p.10,MEPST_Programmes-Educatifs_6e-Sec_4-HS_SVT.pdf#p.10,histoire-géo,"6eme_PR,6e_PR,6eme,6e"
HG6_SW_068,kept,MEPST_Programmes-Educatifs_6e-Sec_4-HS_SVT.pdf#p.10,MEPST_Programmes-Educatifs_6e-Sec_4-HS_SVT.pdf#p.10,histoire-géo,"6eme_PR,6e_PR,6eme,6e"
HG6_LN_069,kept,MEPST_Programmes-Educatifs_6e-Sec_4-HS_SVT.pdf#p.9,MEPST_Programmes-Educatifs_6e-Sec_4-HS_SVT.pdf#p.9,histoire-géo,"6eme_PR,6e_PR,6eme,6e"
HG1S_FR_070,kept,PE7-SPTTIC.pdf#p.12,PE7-SPTTIC.pdf#p.12,histoire-géo,7eme_EB
HG1S_EN_071,kept,PE7-SPTTIC.pdf#p.6,PE7-SPTTIC.pdf#p.6,histoire-géo,7eme_EB
HG1S_TSH_072,kept,PE7-SPTTIC.pdf#p.6,PE7-SPTTIC.pdf#p.6,histoire-géo,7eme_EB
HG2S_FR_073,kept,PE8-SVT-16062019_DIPROMAD_MEPSP.pdf#p.14,PE8-SVT-16062019_DIPROMAD_MEPSP.pdf#p.14,histoire-géo,8eme_EB
HG2S_SW_074,kept,PE8-SVT-16062019_DIPROMAD_MEPSP.pdf#p.14,PE8-SVT-16062019_DIPROMAD_MEPSP.pdf#p.14,histoire-géo,8eme_EB
HG2S_KK_075,kept,PE8-SVT-16062019_DIPROMAD_MEPSP.pdf#p.14,PE8-SVT-16062019_DIPROMAD_MEPSP.pdf#p.14,histoire-géo,8eme_EB
HG3S_FR_076,kept,MEPST_Programmes-Educatifs_3e-Sec_1-HS_SVT.pdf#p.7,MEPST_Programmes-Educatifs_3e-Sec_1-HS_SVT.pdf#p.7,histoire-géo,1ere_HS
HG3S_EN_077,kept,MEPST_Programmes-Educatifs_3e-Sec_1-HS_SVT.pdf#p.10,MEPST_Programmes-Educatifs_3e-Sec_1-HS_SVT.pdf#p.10,histoire-géo,1ere_HS
HG3S_LN_078,kept,MEPST_Programmes-Educatifs_3e-Sec_1-HS_SVT.pdf#p.10,MEPST_Programmes-Educatifs_3e-Sec_1-HS_SVT.pdf#p.10,histoire-géo,1ere_HS
HG4_FR_079,kept,MEPST_Programmes-Educatifs_4e-Sec_2-HS_SVT.pdf#p.4,MEPST_Programmes-Educatifs_4e-Sec_2-HS_SVT.pdf#p.4,histoire-géo,"4eme_PR,4e_PR,4eme,4e"
HG6_SW_080,kept,MEPST_Programmes-Educatifs_6e-Sec_4-HS_SVT.pdf#p.9,MEPST_Programmes-Educatifs_6e-Sec_4-HS_SVT.pdf#p.9,histoire-géo,"6eme_PR,6e_PR,6eme,6e"
SC1S_FR_081,kept,GUIDE-PE7-SPTTIC.pdf#p.10,GUIDE-PE7-SPTTIC.pdf#p.10,sciences,7eme_EB
SC1S_EN_082,kept,GUIDE-PE7-SPTTIC.pdf#p.12,GUIDE-PE7-SPTTIC.pdf#p.12,sciences,7eme_EB
SC1S_SW_083,kept,GUIDE-PE7-SPTTIC.pdf#p.11,GUIDE-PE7-SPTTIC.pdf#p.11,sciences,7eme_EB
SC1S_LN_084,kept,GUIDE-PE7-SPTTIC.pdf#p.13,GUIDE-PE7-SPTTIC.pdf#p.13,sciences,7eme_EB
SC2S_FR_085,kept,PE8-SVT-16062019_DIPROMAD_MEPSP.pdf#p.15,PE8-SVT-16062019_DIPROMAD_MEPSP.pdf#p.15,sciences,8eme_EB
SC2S_TSH_086,kept,PE8-SVT-16062019_DIPROMAD_MEPSP.pdf#p.15,PE8-SVT-16062019_DIPROMAD_MEPSP.pdf#p.15,sciences,8eme_EB
SC2S_KK_087,kept,PE8-SVT-16062019_DIPROMAD_MEPSP.pdf#p.9,PE8-SVT-16062019_DIPROMAD_MEPSP.pdf#p.9,sciences,8eme_EB
SC2S_FR_088,kept,PE8-SVT-16062019_DIPROMAD_MEPSP.pdf#p.18,PE8-SVT-16062019_DIPROMAD_MEPSP.pdf#p.18,sciences,8eme_EB
SC2S_EN_089,kept,PE8-SVT-16062019_DIPROMAD_MEPSP.pdf#p.20,PE8-SVT-16062019_DIPROMAD_MEPSP.pdf#p.20,sciences,8eme_EB
SC2S_SW_090,kept,PE8-SVT-16062019_DIPROMAD_MEPSP.pdf#p.21,PE8-SVT-16062019_DIPROMAD_MEPSP.pdf#p.21,sciences,8eme_EB
SC3S_FR_091,kept,MEPST_Programmes-Educatifs_3e-Sec_1-HS_SVT.pdf#p.7,MEPST_Programmes-Educatifs_3e-Sec_1-HS_SVT.pdf#p.7,sciences,1ere_HS
SC3S_LN_092,kept,MEPST_Programmes-Educatifs_3e-Sec_1-HS_SVT.pdf#p.7,MEPST_Programmes-Educatifs_3e-Sec_1-HS_SVT.pdf#p.7,sciences,1ere_HS
SC3S_FR_093,kept,MEPST_Programmes-Educatifs_3e-Sec_1-HS_SVT.pdf#p.12,MEPST_Programmes-Educatifs_3e-Sec_1-HS_SVT.pdf#p.12,sciences,1ere_HS
SC3S_TSH_094,kept,MEPST_Programmes-Educatifs_3e-Sec_1-HS_SVT.pdf#p.13,MEPST_Programmes-Educatifs_3e-Sec_1-HS_SVT.pdf#p.13,sciences,1ere_HS
SC3S_EN_095,kept,MEPST_Programmes-Educatifs_3e-Sec_1-HS_SVT.pdf#p.14,MEPST_Programmes-Educatifs_3e-Sec_1-HS_SVT.pdf#p.14,sciences,1ere_HS
SC3S_SW_096,kept,MEPST_Programmes-Educatifs_3e-Sec_1-HS_SVT.pdf#p.15,MEPST_Programmes-Educatifs_3e-Sec_1-HS_SVT.pdf#p.15,sciences,1ere_HS
HG1S_FR_097,kept,PE7-SPTTIC.pdf#p.18,PE7-SPTTIC.pdf#p.18,histoire-géo,7eme_EB
HG1S_EN_098,kept,PE7-SPTTIC.pdf#p.18,PE7-SPTTIC.pdf#p.18,histoire-géo,7eme_EB
HG1S_LN_099,kept,PE7-SPTTIC.pdf#p.18,PE7-SPTTIC.pdf#p.18,histoire-géo,7eme_EB
HG2S_FR_100,kept,PE8-SVT-16062019_DIPROMAD_MEPSP.pdf#p.14,PE8-SVT-16062019_DIPROMAD_MEPSP.pdf#p.14,histoire-géo,8eme_EB
HG2S_SW_101,kept,PE8-SVT-16062019_DIPROMAD_MEPSP.pdf#p.14,PE8-SVT-16062019_DIPROMAD_MEPSP.pdf#p.14,histoire-géo,8eme_EB
HG2S_TSH_102,kept,PE8-SVT-16062019_DIPROMAD_MEPSP.pdf#p.14,PE8-SVT-16062019_DIPROMAD_MEPSP.pdf#p.14,histoire-géo,8eme_EB
HG2S_FR_103,kept,PE8-SVT-16062019_DIPROMAD_MEPSP.pdf#p.20,PE8-SVT-16062019_DIPROMAD_MEPSP.pdf#p.20,histoire-géo,8eme_EB
HG2S_EN_104,kept,PE8-SVT-16062019_DIPROMAD_MEPSP.pdf#p.21,PE8-SVT-16062019_DIPROMAD_MEPSP.pdf#p.21,histoire-géo,8eme_EB
HG2S_KK_105,kept,PE8-SVT-16062019_DIPROMAD_MEPSP.pdf#p.21,PE8-SVT-16062019_DIPROMAD_MEPSP.pdf#p.21,histoire-géo,8eme_EB
HG3S_FR_106,kept,MEPST_Programmes-Educatifs_3e-Sec_1-HS_SVT.pdf#p.16,MEPST_Programmes-Educatifs_3e-Sec_1-HS_SVT.pdf#p.16,histoire-géo,1ere_HS
HG3S_LN_107,kept,MEPST_Programmes-Educatifs_3e-Sec_1-HS_SVT.pdf#p.16,MEPST_Programmes-Educatifs_3e-Sec_1-HS_SVT.pdf#p.16,histoire-géo,1ere_HS
HG3S_SW_108,kept,MEPST_Programmes-Educatifs_3e-Sec_1-HS_SVT.pdf#p.16,MEPST_Programmes-Educatifs_3e-Sec_1-HS_SVT.pdf#p.16,histoire-géo,1ere_HS
HG3S_EN_109,kept,MEPST_Programmes-Educatifs_3e-Sec_1-HS_SVT.pdf#p.19,MEPST_Programmes-Educatifs_3e-Sec_1-HS_SVT.pdf#p.19,histoire-géo,1ere_HS
HG3S_FR_110,kept,MEPST_Programmes-Educatifs_3e-Sec_1-HS_SVT.pdf#p.22,MEPST_Programmes-Educatifs_3e-Sec_1-HS_SVT.pdf#p.22,histoire-géo,1ere_HS
MA1S_FR_111,kept,PE7-MATH.pdf#p.7,PE7-MATH.pdf#p.7,mathématiques,7eme_EB
MA1S_EN_112,kept,PE7-MATH.pdf#p.12,PE7-MATH.pdf#p.12,mathématiques,7eme_EB
MA1S_LN_113,kept,PE7-MATH.pdf#p.9,PE7-MATH.pdf#p.9,mathématiques,7eme_EB
MA1S_SW_114,kept,PE7-MATH.pdf#p.8,PE7-MATH.pdf#p.8,mathématiques,7eme_EB
MA1S_KK_115,kept,PE7-MATH.pdf#p.14,PE7-MATH.pdf#p.14,mathématiques,7eme_EB
MA1S_TSH_116,kept,PE7-MATH.pdf#p.10,PE7-MATH.pdf#p.10,mathématiques,7eme_EB
MA1S_FR_117,kept,PE7-MATH.pdf#p.12,PE7-MATH.pdf#p.12,mathématiques,7eme_EB
MA1S_EN_118,kept,PE7-MATH.pdf#p.18,PE7-MATH.pdf#p.18,mathématiques,7eme_EB
MA2S_FR_119,kept,PE8-MATH-16062019_DIPROMAD_MEPSP.pdf#p.6,PE8-MATH-16062019_DIPROMAD_MEPSP.pdf#p.6,mathématiques,8eme_EB
MA2S_LN_120,kept,PE8-MATH-16062019_DIPROMAD_MEPSP.pdf#p.14,PE8-MATH-16062019_DIPROMAD_MEPSP.pdf#p.14,mathématiques,8eme_EB
MA2S_SW_121,kept,PE8-MATH-16062019_DIPROMAD_MEPSP.pdf#p.9,PE8-MATH-16062019_DIPROMAD_MEPSP.pdf#p.9,mathématiques,8eme_EB
MA2S_EN_122,kept,PE8-MATH-16062019_DIPROMAD_MEPSP.pdf#p.12,PE8-MATH-16062019_DIPROMAD_MEPSP.pdf#p.12,mathématiques,8eme_EB
MA2S_FR_123,kept,PE8-MATH-16062019_DIPROMAD_MEPSP.pdf#p.16,PE8-MATH-16062019_DIPROMAD_MEPSP.pdf#p.16,mathématiques,8eme_EB
MA3S_FR_124,kept,MEPST_GUIDE_-PE3_MATH.pdf#p.5,MEPST_GUIDE_-PE3_MATH.pdf#p.5,mathématiques,1ere_HS
MA3S_EN_125,kept,MEPST_GUIDE_-PE3_MATH.pdf#p.8,MEPST_GUIDE_-PE3_MATH.pdf#p.8,mathématiques,1ere_HS
FR1S_FR_126,kept,Cahier-de-lapprenant-_-Francais-CRS-N2.pdf#p.9,Cahier-de-lapprenant-_-Francais-CRS-N2.pdf#p.9,français,7eme_EB
FR1S_LN_127,kept,Cahier-de-lapprenant-_-Francais-CRS-N2.pdf#p.12,Cahier-de-lapprenant-_-Francais-CRS-N2.pdf#p.12,français,7eme_EB
FR1S_EN_128,kept,Cahier-de-lapprenant-_-Francais-CRS-N2.pdf#p.6,Cahier-de-lapprenant-_-Francais-CRS-N2.pdf#p.6,français,7eme_EB
FR1S_SW_129,kept,Cahier-de-lapprenant-_-Francais-CRS-N2.pdf#p.10,Cahier-de-lapprenant-_-Francais-CRS-N2.pdf#p.10,français,7eme_EB
FR1S_KK_130,kept,Cahier-de-lapprenant-_-Francais-CRS-N2.pdf#p.13,Cahier-de-lapprenant-_-Francais-CRS-N2.pdf#p.13,français,7eme_EB
FR2S_FR_131,kept,Cahier-de-lapprenant-_-Francais-CRS-N2.pdf#p.8,Cahier-de-lapprenant-_-Francais-CRS-N2.pdf#p.8,français,8eme_EB
FR2S_EN_132,kept,Cahier-de-lapprenant-_-Francais-CRS-N2.pdf#p.12,Cahier-de-lapprenant-_-Francais-CRS-N2.pdf#p.12,français,8eme_EB
FR2S_LN_133,kept,Cahier-de-lapprenant-_-Francais-CRS-N2.pdf#p.11,Cahier-de-lapprenant-_-Francais-CRS-N2.pdf#p.11,français,8eme_EB
FR2S_SW_134,kept,Cahier-de-lapprenant-_-Francais-CRS-N2.pdf#p.14,Cahier-de-lapprenant-_-Francais-CRS-N2.pdf#p.14,français,8eme_EB
FR2S_TSH_135,kept,Cahier-de-lapprenant-_-Francais-CRS-N2.pdf#p.16,Cahier-de-lapprenant-_-Francais-CRS-N2.pdf#p.16,français,8eme_EB
FR3S_FR_136,kept,Cahier-de-lapprenant-_-Francais-CRS-N2.pdf#p.7,Cahier-de-lapprenant-_-Francais-CRS-N2.pdf#p.7,français,1ere_HS
FR3S_EN_137,kept,Cahier-de-lapprenant-_-Francais-CRS-N2.pdf#p.9,Cahier-de-lapprenant-_-Francais-CRS-N2.pdf#p.9,français,1ere_HS
FR3S_LN_138,kept,Cahier-de-lapprenant-_-Francais-CRS-N2.pdf#p.10,Cahier-de-lapprenant-_-Francais-CRS-N2.pdf#p.10,français,1ere_HS
FR3S_SW_139,kept,Cahier-de-lapprenant-_-Francais-CRS-N2.pdf#p.11,Cahier-de-lapprenant-_-Francais-CRS-N2.pdf#p.11,français,1ere_HS
FR3S_KK_140,kept,Cahier-de-lapprenant-_-Francais-CRS-N2.pdf#p.12,Cahier-de-lapprenant-_-Francais-CRS-N2.pdf#p.12,français,1ere_HS
